clip,video_id,channel_id,split
zUdMBtK2UVE_31011-31098,zUdMBtK2UVE,UC9tRyMbnMaUP-t5LHVNfUig,train
DGls-Z4e6OI_7698-7883,DGls-Z4e6OI,UC0580lt7nrzOCuiQT-MEVUA,train
iDg2hR1FPgA_15978-16223,iDg2hR1FPgA,UCMq2jlUH773DkHu4Lpo2JUQ,train
IMrKEA2j278_6853-6890,IMrKEA2j278,UCtKSLA4sBvp4gU-NIGFEQgg,train
i7GsJrDdCVU_15263-16742,i7GsJrDdCVU,UCq2Sm0h2cDmqKtlaonWNUpQ,train
iTzr7agImr8_40240-40295,iTzr7agImr8,UCf9AjM4pnPIawowvvGyvKdw,train
VMtgYMIS_o0_4414-4598,VMtgYMIS_o0,UCV1DOpd_km_2XLIYE1LEFNA,train
smwfiZd8HLc_20322-20668-downsampled,smwfiZd8HLc,UC6rmcst_CnfHfOUjEtqvN4A,train
3mXFJ8S-boU_1532-1683,3mXFJ8S-boU,UCdcrzP2PPte7nmazWopKbPA,train
DGls-Z4e6OI_8160-8300,DGls-Z4e6OI,UC0580lt7nrzOCuiQT-MEVUA,train
iZHhWklQwmQ_2136-3006,iZHhWklQwmQ,UCtKSLA4sBvp4gU-NIGFEQgg,train
VMtgYMIS_o0_10810-11000,VMtgYMIS_o0,UCV1DOpd_km_2XLIYE1LEFNA,train
Lz0Oh2cxoTU_15359-15573,Lz0Oh2cxoTU,UCMq2jlUH773DkHu4Lpo2JUQ,train
4yWavYq9_Ks_2935-3129,4yWavYq9_Ks,UCbQkjf9DtYuiPdpPs5QJB7A,train
HK25g1U-GF4_2552-2812,HK25g1U-GF4,UCPdNVAdC1Ac0vHVEWpR2P7w,train
DGls-Z4e6OI_20453-20628,DGls-Z4e6OI,UC0580lt7nrzOCuiQT-MEVUA,train
YUdsgQGHSR8_3980-4079,YUdsgQGHSR8,UC0deSyrJ8rJUROPwjUFxjNQ,train
9mNutrRQ1GI_1363-1536,9mNutrRQ1GI,UCP_2hL9I_TCOV-hHAyuWsHg,train
iTzr7agImr8_2675-2717,iTzr7agImr8,UCf9AjM4pnPIawowvvGyvKdw,train
Cztb-0cliGA_1619-1751,Cztb-0cliGA,UCbQkjf9DtYuiPdpPs5QJB7A,train
DGls-Z4e6OI_6983-7262,DGls-Z4e6OI,UC0580lt7nrzOCuiQT-MEVUA,train
js4wxP9HxG0_3589-3760,js4wxP9HxG0,UCRIR6yLqmJcHAHTgIYOBY8Q,train
ljahBVDaBNE_10818-10882,ljahBVDaBNE,UCMq2jlUH773DkHu4Lpo2JUQ,train
iWYy8n6mSwc_16300-16611,iWYy8n6mSwc,UC0580lt7nrzOCuiQT-MEVUA,train
WPRrMorSAkQ_4329-4879,WPRrMorSAkQ,UC3R8XrcwJwAzJO4PpoE2RiA,train
G0NLcryxxgE_841-967,G0NLcryxxgE,UCtKSLA4sBvp4gU-NIGFEQgg,train
iTzr7agImr8_20127-20305,iTzr7agImr8,UCf9AjM4pnPIawowvvGyvKdw,train
iTzr7agImr8_26184-26274,iTzr7agImr8,UCf9AjM4pnPIawowvvGyvKdw,train
DGls-Z4e6OI_16145-16202,DGls-Z4e6OI,UC0580lt7nrzOCuiQT-MEVUA,train
F1Q8R2XJ5cs_775-1013,F1Q8R2XJ5cs,UCbQkjf9DtYuiPdpPs5QJB7A,train
DGls-Z4e6OI_7885-8029,DGls-Z4e6OI,UC0580lt7nrzOCuiQT-MEVUA,train
ljahBVDaBNE_17800-17956,ljahBVDaBNE,UCMq2jlUH773DkHu4Lpo2JUQ,train
zUdMBtK2UVE_16917-17113,zUdMBtK2UVE,UC9tRyMbnMaUP-t5LHVNfUig,train
Cztb-0cliGA_1036-1115,Cztb-0cliGA,UCbQkjf9DtYuiPdpPs5QJB7A,train
iZHhWklQwmQ_5140-5473,iZHhWklQwmQ,UCtKSLA4sBvp4gU-NIGFEQgg,train
Lu-4VcxuBW0_3207-3448,Lu-4VcxuBW0,UCtKSLA4sBvp4gU-NIGFEQgg,train
iWYy8n6mSwc_949-1017,iWYy8n6mSwc,UC0580lt7nrzOCuiQT-MEVUA,train
V9YDDpo9LWg_923-1575,V9YDDpo9LWg,UCL8EwWTMmOUDXoMv0yUf8Vg,train
8db0Gcv3V10_271-642,8db0Gcv3V10,UC0580lt7nrzOCuiQT-MEVUA,train
iTzr7agImr8_7039-7124,iTzr7agImr8,UCf9AjM4pnPIawowvvGyvKdw,train
DGls-Z4e6OI_6731-6960,DGls-Z4e6OI,UC0580lt7nrzOCuiQT-MEVUA,train
iDg2hR1FPgA_25090-25258,iDg2hR1FPgA,UCMq2jlUH773DkHu4Lpo2JUQ,train
ljahBVDaBNE_15103-15857,ljahBVDaBNE,UCMq2jlUH773DkHu4Lpo2JUQ,train
jT5WV_7EJr8_1318-1666,jT5WV_7EJr8,UCtKSLA4sBvp4gU-NIGFEQgg,train
DGls-Z4e6OI_15498-15721,DGls-Z4e6OI,UC0580lt7nrzOCuiQT-MEVUA,train
rvIPH4ccfpI_1-812,rvIPH4ccfpI,UCSx9MAILUJ_j8NWIHZBI8_w,train
4yWavYq9_Ks_1081-1130,4yWavYq9_Ks,UCbQkjf9DtYuiPdpPs5QJB7A,train
iZHhWklQwmQ_3660-3831,iZHhWklQwmQ,UCtKSLA4sBvp4gU-NIGFEQgg,train
iWYy8n6mSwc_13412-13892,iWYy8n6mSwc,UC0580lt7nrzOCuiQT-MEVUA,train
Cztb-0cliGA_1349-1470,Cztb-0cliGA,UCbQkjf9DtYuiPdpPs5QJB7A,train
ljahBVDaBNE_14837-14979,ljahBVDaBNE,UCMq2jlUH773DkHu4Lpo2JUQ,train
IMrKEA2j278_4605-4875,IMrKEA2j278,UCtKSLA4sBvp4gU-NIGFEQgg,train
8db0Gcv3V10_2840-2925,8db0Gcv3V10,UC0580lt7nrzOCuiQT-MEVUA,train
VgunPOuHyW0_1255-1534,VgunPOuHyW0,UCtKSLA4sBvp4gU-NIGFEQgg,train
iDg2hR1FPgA_15001-15094,iDg2hR1FPgA,UCMq2jlUH773DkHu4Lpo2JUQ,train
LHprThG7a00_1-948,LHprThG7a00,UCogdNa9Hqm_ZJHLScKI3hfQ,train
smwfiZd8HLc_10346-12974-downsampled,smwfiZd8HLc,UC6rmcst_CnfHfOUjEtqvN4A,train
DGls-Z4e6OI_4939-4993,DGls-Z4e6OI,UC0580lt7nrzOCuiQT-MEVUA,train
iDg2hR1FPgA_53769-53940,iDg2hR1FPgA,UCMq2jlUH773DkHu4Lpo2JUQ,train
DGls-Z4e6OI_11755-11879,DGls-Z4e6OI,UC0580lt7nrzOCuiQT-MEVUA,train
ljahBVDaBNE_24135-24475,ljahBVDaBNE,UCMq2jlUH773DkHu4Lpo2JUQ,train
jT5WV_7EJr8_3748-4057,jT5WV_7EJr8,UCtKSLA4sBvp4gU-NIGFEQgg,train
Lz0Oh2cxoTU_6450-6517,Lz0Oh2cxoTU,UCMq2jlUH773DkHu4Lpo2JUQ,train
w6oRoyTBmU4_3693-3871,w6oRoyTBmU4,UCRIR6yLqmJcHAHTgIYOBY8Q,train
Lz0Oh2cxoTU_45601-45755,Lz0Oh2cxoTU,UCMq2jlUH773DkHu4Lpo2JUQ,train
DGls-Z4e6OI_10127-10377,DGls-Z4e6OI,UC0580lt7nrzOCuiQT-MEVUA,train
2AT3ped6GsI_238-377,2AT3ped6GsI,UCtKSLA4sBvp4gU-NIGFEQgg,train
YUdsgQGHSR8_2516-2814,YUdsgQGHSR8,UC0deSyrJ8rJUROPwjUFxjNQ,train
iWYy8n6mSwc_7892-8171,iWYy8n6mSwc,UC0580lt7nrzOCuiQT-MEVUA,train
iWYy8n6mSwc_18915-19497,iWYy8n6mSwc,UC0580lt7nrzOCuiQT-MEVUA,train
gsuga2JCcYc_979-1256,gsuga2JCcYc,UCH8X-HBqfvxpHQPzUdEO6EA,train
HUnQ6VE9NIY_4216-4440,HUnQ6VE9NIY,UCtKSLA4sBvp4gU-NIGFEQgg,train
9mNutrRQ1GI_16700-17865,9mNutrRQ1GI,UCP_2hL9I_TCOV-hHAyuWsHg,train
HK25g1U-GF4_954-1392,HK25g1U-GF4,UCPdNVAdC1Ac0vHVEWpR2P7w,train
DGls-Z4e6OI_16204-16323,DGls-Z4e6OI,UC0580lt7nrzOCuiQT-MEVUA,train
DGls-Z4e6OI_6288-6482,DGls-Z4e6OI,UC0580lt7nrzOCuiQT-MEVUA,train
DGls-Z4e6OI_1936-2401,DGls-Z4e6OI,UC0580lt7nrzOCuiQT-MEVUA,train
jSOSCiJx_nM_3339-3518,jSOSCiJx_nM,UCH8X-HBqfvxpHQPzUdEO6EA,train
RzI6Ar5mu2Q_2550-2635,RzI6Ar5mu2Q,UCL8EwWTMmOUDXoMv0yUf8Vg,train
HK25g1U-GF4_350-871,HK25g1U-GF4,UCPdNVAdC1Ac0vHVEWpR2P7w,train
G0NLcryxxgE_200-290,G0NLcryxxgE,UCtKSLA4sBvp4gU-NIGFEQgg,train
iWYy8n6mSwc_15570-15842,iWYy8n6mSwc,UC0580lt7nrzOCuiQT-MEVUA,train
iWYy8n6mSwc_17842-18035,iWYy8n6mSwc,UC0580lt7nrzOCuiQT-MEVUA,train
ec_OE0WFEOY_15649-15701,ec_OE0WFEOY,UCl3NQcr5M4t-JEjqYjq2wlQ,train
DGls-Z4e6OI_16325-16461,DGls-Z4e6OI,UC0580lt7nrzOCuiQT-MEVUA,train
ZAxOyANz3J0_518-614,ZAxOyANz3J0,UCH8X-HBqfvxpHQPzUdEO6EA,train
Cztb-0cliGA_4330-4442,Cztb-0cliGA,UCbQkjf9DtYuiPdpPs5QJB7A,train
r_MB_vPXqkA_490-1507,r_MB_vPXqkA,UCK3uhZWJh8SocdtJVIwt9Fg,train
9mNutrRQ1GI_14699-14947,9mNutrRQ1GI,UCP_2hL9I_TCOV-hHAyuWsHg,train
iWYy8n6mSwc_5881-6244,iWYy8n6mSwc,UC0580lt7nrzOCuiQT-MEVUA,train
DGls-Z4e6OI_21052-21203,DGls-Z4e6OI,UC0580lt7nrzOCuiQT-MEVUA,train
lEeraAOgcKc_836-986,lEeraAOgcKc,UCfN4zYzDdBQAA_oQh93YfCg,train
PO6iJ3tTvcA_4788-4877,PO6iJ3tTvcA,UCDj4EExikV-01HAcInG5tLw,train
gsuga2JCcYc_823-977,gsuga2JCcYc,UCH8X-HBqfvxpHQPzUdEO6EA,train
3rxHweb2fXw_823-2797,3rxHweb2fXw,UC6E2jTDUnYrtqXh5eZuzDEg,train
XyNTKSm69Gs_1-1053,XyNTKSm69Gs,UCNjXz1a_K44oBon2lbCtxpw,train
iZHhWklQwmQ_1356-1546,iZHhWklQwmQ,UCtKSLA4sBvp4gU-NIGFEQgg,train
DGls-Z4e6OI_5417-5718,DGls-Z4e6OI,UC0580lt7nrzOCuiQT-MEVUA,train
4yWavYq9_Ks_809-956,4yWavYq9_Ks,UCbQkjf9DtYuiPdpPs5QJB7A,train
smwfiZd8HLc_16176-16586-downsampled,smwfiZd8HLc,UC6rmcst_CnfHfOUjEtqvN4A,train
GNVTuLHdeSo_712-948,GNVTuLHdeSo,UCL8EwWTMmOUDXoMv0yUf8Vg,train
jSOSCiJx_nM_476-589,jSOSCiJx_nM,UCH8X-HBqfvxpHQPzUdEO6EA,train
jT5WV_7EJr8_1927-2421,jT5WV_7EJr8,UCtKSLA4sBvp4gU-NIGFEQgg,train
iDg2hR1FPgA_17030-17507,iDg2hR1FPgA,UCMq2jlUH773DkHu4Lpo2JUQ,train
iDg2hR1FPgA_16347-16992,iDg2hR1FPgA,UCMq2jlUH773DkHu4Lpo2JUQ,train
smwfiZd8HLc_897-1557-downsampled,smwfiZd8HLc,UC6rmcst_CnfHfOUjEtqvN4A,train
DGls-Z4e6OI_20210-20288,DGls-Z4e6OI,UC0580lt7nrzOCuiQT-MEVUA,train
DGls-Z4e6OI_14779-14977,DGls-Z4e6OI,UC0580lt7nrzOCuiQT-MEVUA,train
Lz0Oh2cxoTU_14104-14994,Lz0Oh2cxoTU,UCMq2jlUH773DkHu4Lpo2JUQ,train
88pZ5kmV96I_900-1048,88pZ5kmV96I,UC2gRePoph6lWNe_pAlSgERQ,train
ZAxOyANz3J0_1363-1457,ZAxOyANz3J0,UCH8X-HBqfvxpHQPzUdEO6EA,train
Y6_S5bipsBk_763-965,Y6_S5bipsBk,UCtKSLA4sBvp4gU-NIGFEQgg,train
gsuga2JCcYc_2184-2402,gsuga2JCcYc,UCH8X-HBqfvxpHQPzUdEO6EA,train
4yWavYq9_Ks_2395-2608,4yWavYq9_Ks,UCbQkjf9DtYuiPdpPs5QJB7A,train
4yWavYq9_Ks_5168-5340,4yWavYq9_Ks,UCbQkjf9DtYuiPdpPs5QJB7A,train
DGls-Z4e6OI_15951-16031,DGls-Z4e6OI,UC0580lt7nrzOCuiQT-MEVUA,train
8db0Gcv3V10_11310-11474,8db0Gcv3V10,UC0580lt7nrzOCuiQT-MEVUA,train
VMtgYMIS_o0_4681-4818,VMtgYMIS_o0,UCV1DOpd_km_2XLIYE1LEFNA,train
G0NLcryxxgE_1426-1625,G0NLcryxxgE,UCtKSLA4sBvp4gU-NIGFEQgg,train
RzI6Ar5mu2Q_1031-1177,RzI6Ar5mu2Q,UCL8EwWTMmOUDXoMv0yUf8Vg,train
jisAfi381WM_2314-2872,jisAfi381WM,UC2eqFGiFN1NtQ8yTw1oZ7uA,train
smwfiZd8HLc_270-891-downsampled,smwfiZd8HLc,UC6rmcst_CnfHfOUjEtqvN4A,train
ec_OE0WFEOY_40598-40742,ec_OE0WFEOY,UCl3NQcr5M4t-JEjqYjq2wlQ,train
Lz0Oh2cxoTU_12550-14053,Lz0Oh2cxoTU,UCMq2jlUH773DkHu4Lpo2JUQ,train
IMrKEA2j278_4931-5209,IMrKEA2j278,UCtKSLA4sBvp4gU-NIGFEQgg,train
gsuga2JCcYc_321-611,gsuga2JCcYc,UCH8X-HBqfvxpHQPzUdEO6EA,train
8db0Gcv3V10_11063-11211,8db0Gcv3V10,UC0580lt7nrzOCuiQT-MEVUA,train
lEeraAOgcKc_450-619,lEeraAOgcKc,UCfN4zYzDdBQAA_oQh93YfCg,train
G0NLcryxxgE_1282-1392,G0NLcryxxgE,UCtKSLA4sBvp4gU-NIGFEQgg,train
1Aea8BH-PCs_948-1055,1Aea8BH-PCs,UCH8X-HBqfvxpHQPzUdEO6EA,train
tw91epryD28_1264-1925,tw91epryD28,UCq2Sm0h2cDmqKtlaonWNUpQ,train
iWYy8n6mSwc_9601-9788,iWYy8n6mSwc,UC0580lt7nrzOCuiQT-MEVUA,train
Dai13S2XbsI_784-990,Dai13S2XbsI,UCPdNVAdC1Ac0vHVEWpR2P7w,train
iWYy8n6mSwc_9140-9457,iWYy8n6mSwc,UC0580lt7nrzOCuiQT-MEVUA,train
3mXFJ8S-boU_4218-4655,3mXFJ8S-boU,UCdcrzP2PPte7nmazWopKbPA,train
gsuga2JCcYc_1567-1727,gsuga2JCcYc,UCH8X-HBqfvxpHQPzUdEO6EA,train
Lu-4VcxuBW0_2517-2591,Lu-4VcxuBW0,UCtKSLA4sBvp4gU-NIGFEQgg,train
HUnQ6VE9NIY_24-1029,HUnQ6VE9NIY,UCtKSLA4sBvp4gU-NIGFEQgg,train
Cmw2H5C_Ves_3621-3747,Cmw2H5C_Ves,UCtKSLA4sBvp4gU-NIGFEQgg,train
Cmw2H5C_Ves_4220-4339,Cmw2H5C_Ves,UCtKSLA4sBvp4gU-NIGFEQgg,train
iWYy8n6mSwc_8384-8850,iWYy8n6mSwc,UC0580lt7nrzOCuiQT-MEVUA,train
Lz0Oh2cxoTU_24789-24823,Lz0Oh2cxoTU,UCMq2jlUH773DkHu4Lpo2JUQ,train
DGls-Z4e6OI_11251-11528,DGls-Z4e6OI,UC0580lt7nrzOCuiQT-MEVUA,train
iWYy8n6mSwc_18040-18538,iWYy8n6mSwc,UC0580lt7nrzOCuiQT-MEVUA,train
ec_OE0WFEOY_31919-31977,ec_OE0WFEOY,UCl3NQcr5M4t-JEjqYjq2wlQ,train
GNVTuLHdeSo_1829-3081,GNVTuLHdeSo,UCL8EwWTMmOUDXoMv0yUf8Vg,train
iDg2hR1FPgA_19399-19781,iDg2hR1FPgA,UCMq2jlUH773DkHu4Lpo2JUQ,train
jSOSCiJx_nM_271-458,jSOSCiJx_nM,UCH8X-HBqfvxpHQPzUdEO6EA,train
F1Q8R2XJ5cs_3004-3231,F1Q8R2XJ5cs,UCbQkjf9DtYuiPdpPs5QJB7A,train
DGls-Z4e6OI_15025-15289,DGls-Z4e6OI,UC0580lt7nrzOCuiQT-MEVUA,train
Lz0Oh2cxoTU_5624-5690,Lz0Oh2cxoTU,UCMq2jlUH773DkHu4Lpo2JUQ,train
ljahBVDaBNE_18525-19117,ljahBVDaBNE,UCMq2jlUH773DkHu4Lpo2JUQ,train
iDg2hR1FPgA_7058-7244,iDg2hR1FPgA,UCMq2jlUH773DkHu4Lpo2JUQ,train
9WkwG6uxnBI_1-1802,9WkwG6uxnBI,UCRcBW8njgEz7-NzrWod8ZYw,train
Lz0Oh2cxoTU_25430-26026,Lz0Oh2cxoTU,UCMq2jlUH773DkHu4Lpo2JUQ,train
Nc3hwh-AFFw_1538-1632,Nc3hwh-AFFw,UCtKSLA4sBvp4gU-NIGFEQgg,train
iWYy8n6mSwc_17592-17828,iWYy8n6mSwc,UC0580lt7nrzOCuiQT-MEVUA,train
jT5WV_7EJr8_1675-1917,jT5WV_7EJr8,UCtKSLA4sBvp4gU-NIGFEQgg,train
3mXFJ8S-boU_1716-2076,3mXFJ8S-boU,UCdcrzP2PPte7nmazWopKbPA,train
MTLKr-8UDYE_652-927,MTLKr-8UDYE,UCtKSLA4sBvp4gU-NIGFEQgg,train
8db0Gcv3V10_5938-6309,8db0Gcv3V10,UC0580lt7nrzOCuiQT-MEVUA,train
DGls-Z4e6OI_4145-4401,DGls-Z4e6OI,UC0580lt7nrzOCuiQT-MEVUA,train
4Y7MMmedX7E_1882-1991,4Y7MMmedX7E,UCtKSLA4sBvp4gU-NIGFEQgg,train
DGls-Z4e6OI_15723-15861,DGls-Z4e6OI,UC0580lt7nrzOCuiQT-MEVUA,train
4yWavYq9_Ks_1735-1827,4yWavYq9_Ks,UCbQkjf9DtYuiPdpPs5QJB7A,train
GNVTuLHdeSo_3143-3955,GNVTuLHdeSo,UCL8EwWTMmOUDXoMv0yUf8Vg,train
jSOSCiJx_nM_595-728,jSOSCiJx_nM,UCH8X-HBqfvxpHQPzUdEO6EA,train
iWYy8n6mSwc_14050-14535,iWYy8n6mSwc,UC0580lt7nrzOCuiQT-MEVUA,train
jSOSCiJx_nM_1806-1980,jSOSCiJx_nM,UCH8X-HBqfvxpHQPzUdEO6EA,train
DGls-Z4e6OI_12503-12693,DGls-Z4e6OI,UC0580lt7nrzOCuiQT-MEVUA,train
iTzr7agImr8_10928-11185,iTzr7agImr8,UCf9AjM4pnPIawowvvGyvKdw,train
PggqMEe9dSQ_1489-2054,PggqMEe9dSQ,UCtKSLA4sBvp4gU-NIGFEQgg,train
PggqMEe9dSQ_905-1060,PggqMEe9dSQ,UCtKSLA4sBvp4gU-NIGFEQgg,train
ljahBVDaBNE_25718-26310,ljahBVDaBNE,UCMq2jlUH773DkHu4Lpo2JUQ,train
w6oRoyTBmU4_1653-1939,w6oRoyTBmU4,UCRIR6yLqmJcHAHTgIYOBY8Q,train
iWYy8n6mSwc_4749-4874,iWYy8n6mSwc,UC0580lt7nrzOCuiQT-MEVUA,train
DGls-Z4e6OI_16463-17068,DGls-Z4e6OI,UC0580lt7nrzOCuiQT-MEVUA,train
1Aea8BH-PCs_3612-3844,1Aea8BH-PCs,UCH8X-HBqfvxpHQPzUdEO6EA,train
iWYy8n6mSwc_9801-10085,iWYy8n6mSwc,UC0580lt7nrzOCuiQT-MEVUA,train
zUdMBtK2UVE_36737-37596,zUdMBtK2UVE,UC9tRyMbnMaUP-t5LHVNfUig,train
DGls-Z4e6OI_22806-23096,DGls-Z4e6OI,UC0580lt7nrzOCuiQT-MEVUA,train
2b1zXYv7Fn8_3325-5040,2b1zXYv7Fn8,UCRcBW8njgEz7-NzrWod8ZYw,train
3mXFJ8S-boU_5848-6239,3mXFJ8S-boU,UCdcrzP2PPte7nmazWopKbPA,train
Cztb-0cliGA_537-637,Cztb-0cliGA,UCbQkjf9DtYuiPdpPs5QJB7A,train
YUdsgQGHSR8_1772-1880,YUdsgQGHSR8,UC0deSyrJ8rJUROPwjUFxjNQ,train
4yWavYq9_Ks_1609-1714,4yWavYq9_Ks,UCbQkjf9DtYuiPdpPs5QJB7A,train
EuYseDl2jm8_3680-3791,EuYseDl2jm8,UCEWl7wBlZzHpr-TSOXEHbUg,train
HK25g1U-GF4_2842-3325,HK25g1U-GF4,UCPdNVAdC1Ac0vHVEWpR2P7w,train
dzaiF1iIc68_638-747,dzaiF1iIc68,UCtKSLA4sBvp4gU-NIGFEQgg,train
88pZ5kmV96I_2100-2222,88pZ5kmV96I,UC2gRePoph6lWNe_pAlSgERQ,train
jSOSCiJx_nM_2662-2717,jSOSCiJx_nM,UCH8X-HBqfvxpHQPzUdEO6EA,train
9mNutrRQ1GI_24458-24524,9mNutrRQ1GI,UCP_2hL9I_TCOV-hHAyuWsHg,train
iWYy8n6mSwc_11949-12164,iWYy8n6mSwc,UC0580lt7nrzOCuiQT-MEVUA,train
js4wxP9HxG0_3496-3539,js4wxP9HxG0,UCRIR6yLqmJcHAHTgIYOBY8Q,train
iWYy8n6mSwc_2055-3079,iWYy8n6mSwc,UC0580lt7nrzOCuiQT-MEVUA,train
iDg2hR1FPgA_13892-14690,iDg2hR1FPgA,UCMq2jlUH773DkHu4Lpo2JUQ,train
smwfiZd8HLc_7508-8408-downsampled,smwfiZd8HLc,UC6rmcst_CnfHfOUjEtqvN4A,train
ec_OE0WFEOY_35495-35785,ec_OE0WFEOY,UCl3NQcr5M4t-JEjqYjq2wlQ,train
WPRrMorSAkQ_3557-4258,WPRrMorSAkQ,UC3R8XrcwJwAzJO4PpoE2RiA,train
iWYy8n6mSwc_5429-5630,iWYy8n6mSwc,UC0580lt7nrzOCuiQT-MEVUA,train
iTzr7agImr8_25865-26145,iTzr7agImr8,UCf9AjM4pnPIawowvvGyvKdw,train
9mNutrRQ1GI_24758-25047,9mNutrRQ1GI,UCP_2hL9I_TCOV-hHAyuWsHg,train
3mXFJ8S-boU_494-895,3mXFJ8S-boU,UCdcrzP2PPte7nmazWopKbPA,train
YUdsgQGHSR8_5816-5831,YUdsgQGHSR8,UC0deSyrJ8rJUROPwjUFxjNQ,train
4Y7MMmedX7E_4371-4987,4Y7MMmedX7E,UCtKSLA4sBvp4gU-NIGFEQgg,train
iWYy8n6mSwc_16691-17091,iWYy8n6mSwc,UC0580lt7nrzOCuiQT-MEVUA,train
smwfiZd8HLc_8799-10332-downsampled,smwfiZd8HLc,UC6rmcst_CnfHfOUjEtqvN4A,train
DGls-Z4e6OI_9760-10125,DGls-Z4e6OI,UC0580lt7nrzOCuiQT-MEVUA,train
DGls-Z4e6OI_15291-15496,DGls-Z4e6OI,UC0580lt7nrzOCuiQT-MEVUA,train
Dai13S2XbsI_4636-5000,Dai13S2XbsI,UCPdNVAdC1Ac0vHVEWpR2P7w,train
pQyNKRHbjRA_1-1822,pQyNKRHbjRA,UC6E2jTDUnYrtqXh5eZuzDEg,train
DGls-Z4e6OI_922-1175,DGls-Z4e6OI,UC0580lt7nrzOCuiQT-MEVUA,train
ljahBVDaBNE_23894-24032,ljahBVDaBNE,UCMq2jlUH773DkHu4Lpo2JUQ,train
ljahBVDaBNE_17977-18466,ljahBVDaBNE,UCMq2jlUH773DkHu4Lpo2JUQ,train
4Y7MMmedX7E_3541-4236,4Y7MMmedX7E,UCtKSLA4sBvp4gU-NIGFEQgg,train
Cztb-0cliGA_1875-1961,Cztb-0cliGA,UCbQkjf9DtYuiPdpPs5QJB7A,train
Dai13S2XbsI_2133-2421,Dai13S2XbsI,UCPdNVAdC1Ac0vHVEWpR2P7w,train
iWYy8n6mSwc_8918-8980,iWYy8n6mSwc,UC0580lt7nrzOCuiQT-MEVUA,train
jSOSCiJx_nM_1640-1789,jSOSCiJx_nM,UCH8X-HBqfvxpHQPzUdEO6EA,train
Cztb-0cliGA_3879-3960,Cztb-0cliGA,UCbQkjf9DtYuiPdpPs5QJB7A,train
DGls-Z4e6OI_20290-20419,DGls-Z4e6OI,UC0580lt7nrzOCuiQT-MEVUA,train
4ktkxv1aNS8_1-1629,4ktkxv1aNS8,UC2MoavNb5sa_m1VP7la5ukQ,train
DGls-Z4e6OI_6484-6729,DGls-Z4e6OI,UC0580lt7nrzOCuiQT-MEVUA,train
8db0Gcv3V10_3239-3398,8db0Gcv3V10,UC0580lt7nrzOCuiQT-MEVUA,train
iTzr7agImr8_22196-22404,iTzr7agImr8,UCf9AjM4pnPIawowvvGyvKdw,train
Cztb-0cliGA_887-958,Cztb-0cliGA,UCbQkjf9DtYuiPdpPs5QJB7A,train
i7GsJrDdCVU_1865-3654,i7GsJrDdCVU,UCq2Sm0h2cDmqKtlaonWNUpQ,train
s0BpHgMB_8o_2941-3142,s0BpHgMB_8o,UCtKSLA4sBvp4gU-NIGFEQgg,train
ljahBVDaBNE_41703-42074,ljahBVDaBNE,UCMq2jlUH773DkHu4Lpo2JUQ,train
4yWavYq9_Ks_3682-3821,4yWavYq9_Ks,UCbQkjf9DtYuiPdpPs5QJB7A,train
lEeraAOgcKc_1509-1714,lEeraAOgcKc,UCfN4zYzDdBQAA_oQh93YfCg,train
iDg2hR1FPgA_47999-48192,iDg2hR1FPgA,UCMq2jlUH773DkHu4Lpo2JUQ,train
HUnQ6VE9NIY_3547-4167,HUnQ6VE9NIY,UCtKSLA4sBvp4gU-NIGFEQgg,train
pzh7M60ujyE_2096-2218,pzh7M60ujyE,UCRujkqhiAtkHHAXXMJ5AR4w,train
PO6iJ3tTvcA_5388-5556,PO6iJ3tTvcA,UCDj4EExikV-01HAcInG5tLw,train
ZAxOyANz3J0_1629-1816,ZAxOyANz3J0,UCH8X-HBqfvxpHQPzUdEO6EA,train
s0BpHgMB_8o_2041-2205,s0BpHgMB_8o,UCtKSLA4sBvp4gU-NIGFEQgg,train
pzh7M60ujyE_16956-17086,pzh7M60ujyE,UCRujkqhiAtkHHAXXMJ5AR4w,train
8db0Gcv3V10_2511-2774,8db0Gcv3V10,UC0580lt7nrzOCuiQT-MEVUA,train
1Aea8BH-PCs_3248-3602,1Aea8BH-PCs,UCH8X-HBqfvxpHQPzUdEO6EA,train
ec_OE0WFEOY_50688-50814,ec_OE0WFEOY,UCl3NQcr5M4t-JEjqYjq2wlQ,train
iWYy8n6mSwc_12172-12757,iWYy8n6mSwc,UC0580lt7nrzOCuiQT-MEVUA,train
iDg2hR1FPgA_10270-10332,iDg2hR1FPgA,UCMq2jlUH773DkHu4Lpo2JUQ,train
DGls-Z4e6OI_11664-11753,DGls-Z4e6OI,UC0580lt7nrzOCuiQT-MEVUA,train
3mXFJ8S-boU_2189-2419,3mXFJ8S-boU,UCdcrzP2PPte7nmazWopKbPA,train
iTzr7agImr8_16653-16712,iTzr7agImr8,UCf9AjM4pnPIawowvvGyvKdw,train
4yWavYq9_Ks_546-694,4yWavYq9_Ks,UCbQkjf9DtYuiPdpPs5QJB7A,train
ljahBVDaBNE_6572-6683,ljahBVDaBNE,UCMq2jlUH773DkHu4Lpo2JUQ,train
iWYy8n6mSwc_10560-10693,iWYy8n6mSwc,UC0580lt7nrzOCuiQT-MEVUA,train
4yWavYq9_Ks_2656-2795,4yWavYq9_Ks,UCbQkjf9DtYuiPdpPs5QJB7A,train
zUdMBtK2UVE_21114-21348,zUdMBtK2UVE,UC9tRyMbnMaUP-t5LHVNfUig,train
Lz0Oh2cxoTU_28133-28296,Lz0Oh2cxoTU,UCMq2jlUH773DkHu4Lpo2JUQ,train
DGls-Z4e6OI_8031-8107,DGls-Z4e6OI,UC0580lt7nrzOCuiQT-MEVUA,train
VMtgYMIS_o0_1837-1966,VMtgYMIS_o0,UCV1DOpd_km_2XLIYE1LEFNA,train
HUnQ6VE9NIY_4526-4685,HUnQ6VE9NIY,UCtKSLA4sBvp4gU-NIGFEQgg,train
RzI6Ar5mu2Q_263-879,RzI6Ar5mu2Q,UCL8EwWTMmOUDXoMv0yUf8Vg,train
iTzr7agImr8_22648-22695,iTzr7agImr8,UCf9AjM4pnPIawowvvGyvKdw,train
jisAfi381WM_940-1443,jisAfi381WM,UC2eqFGiFN1NtQ8yTw1oZ7uA,train
iWYy8n6mSwc_11685-11947,iWYy8n6mSwc,UC0580lt7nrzOCuiQT-MEVUA,train
iWYy8n6mSwc_814-944,iWYy8n6mSwc,UC0580lt7nrzOCuiQT-MEVUA,train
WPRrMorSAkQ_940-1400,WPRrMorSAkQ,UC3R8XrcwJwAzJO4PpoE2RiA,train
iWYy8n6mSwc_6567-6724,iWYy8n6mSwc,UC0580lt7nrzOCuiQT-MEVUA,train
iTzr7agImr8_6225-6337,iTzr7agImr8,UCf9AjM4pnPIawowvvGyvKdw,train
F1Q8R2XJ5cs_3487-3583,F1Q8R2XJ5cs,UCbQkjf9DtYuiPdpPs5QJB7A,train
jisAfi381WM_5329-5481,jisAfi381WM,UC2eqFGiFN1NtQ8yTw1oZ7uA,train
X7qv5w1clGw_3199-3385,X7qv5w1clGw,UCPdNVAdC1Ac0vHVEWpR2P7w,train
jSOSCiJx_nM_968-1047,jSOSCiJx_nM,UCH8X-HBqfvxpHQPzUdEO6EA,train
DGls-Z4e6OI_651-755,DGls-Z4e6OI,UC0580lt7nrzOCuiQT-MEVUA,train
iWYy8n6mSwc_7471-7653,iWYy8n6mSwc,UC0580lt7nrzOCuiQT-MEVUA,train
DGls-Z4e6OI_3182-3491,DGls-Z4e6OI,UC0580lt7nrzOCuiQT-MEVUA,train
VMtgYMIS_o0_16881-17125,VMtgYMIS_o0,UCV1DOpd_km_2XLIYE1LEFNA,train
iWYy8n6mSwc_1640-1941,iWYy8n6mSwc,UC0580lt7nrzOCuiQT-MEVUA,train
DGls-Z4e6OI_520-648,DGls-Z4e6OI,UC0580lt7nrzOCuiQT-MEVUA,train
Cztb-0cliGA_1194-1257,Cztb-0cliGA,UCbQkjf9DtYuiPdpPs5QJB7A,train
4yWavYq9_Ks_3472-3534,4yWavYq9_Ks,UCbQkjf9DtYuiPdpPs5QJB7A,train
4yWavYq9_Ks_3554-3663,4yWavYq9_Ks,UCbQkjf9DtYuiPdpPs5QJB7A,train
ljahBVDaBNE_17263-17684,ljahBVDaBNE,UCMq2jlUH773DkHu4Lpo2JUQ,train
erJVXbaIicU_2219-2333,erJVXbaIicU,UCDj4EExikV-01HAcInG5tLw,train
erJVXbaIicU_260-1684,erJVXbaIicU,UCDj4EExikV-01HAcInG5tLw,train
MTLKr-8UDYE_1087-1316,MTLKr-8UDYE,UCtKSLA4sBvp4gU-NIGFEQgg,train
Cmw2H5C_Ves_5120-5370,Cmw2H5C_Ves,UCtKSLA4sBvp4gU-NIGFEQgg,train
Lu-4VcxuBW0_2035-2159,Lu-4VcxuBW0,UCtKSLA4sBvp4gU-NIGFEQgg,train
Dai13S2XbsI_5113-5272,Dai13S2XbsI,UCPdNVAdC1Ac0vHVEWpR2P7w,train
iTzr7agImr8_6590-6640,iTzr7agImr8,UCf9AjM4pnPIawowvvGyvKdw,train
3mXFJ8S-boU_4791-4984,3mXFJ8S-boU,UCdcrzP2PPte7nmazWopKbPA,train
iWYy8n6mSwc_4877-5032,iWYy8n6mSwc,UC0580lt7nrzOCuiQT-MEVUA,train
Cztb-0cliGA_4253-4312,Cztb-0cliGA,UCbQkjf9DtYuiPdpPs5QJB7A,train
DGls-Z4e6OI_17098-17490,DGls-Z4e6OI,UC0580lt7nrzOCuiQT-MEVUA,train
Cztb-0cliGA_4059-4172,Cztb-0cliGA,UCbQkjf9DtYuiPdpPs5QJB7A,train
MTLKr-8UDYE_1779-2072,MTLKr-8UDYE,UCtKSLA4sBvp4gU-NIGFEQgg,train
jSOSCiJx_nM_736-828,jSOSCiJx_nM,UCH8X-HBqfvxpHQPzUdEO6EA,train
Y-5XEtligfs_966-1084,Y-5XEtligfs,UCbQkjf9DtYuiPdpPs5QJB7A,train
iDg2hR1FPgA_6118-6236,iDg2hR1FPgA,UCMq2jlUH773DkHu4Lpo2JUQ,train
Nc3hwh-AFFw_338-456,Nc3hwh-AFFw,UCtKSLA4sBvp4gU-NIGFEQgg,train
jSOSCiJx_nM_1335-1425,jSOSCiJx_nM,UCH8X-HBqfvxpHQPzUdEO6EA,train
iDg2hR1FPgA_14815-14999,iDg2hR1FPgA,UCMq2jlUH773DkHu4Lpo2JUQ,train
8db0Gcv3V10_2930-3109,8db0Gcv3V10,UC0580lt7nrzOCuiQT-MEVUA,train
4yWavYq9_Ks_2814-2916,4yWavYq9_Ks,UCbQkjf9DtYuiPdpPs5QJB7A,train
YUdsgQGHSR8_969-1396,YUdsgQGHSR8,UC0deSyrJ8rJUROPwjUFxjNQ,train
Lz0Oh2cxoTU_30300-30484,Lz0Oh2cxoTU,UCMq2jlUH773DkHu4Lpo2JUQ,train
ec_OE0WFEOY_41112-41385,ec_OE0WFEOY,UCl3NQcr5M4t-JEjqYjq2wlQ,train
iWYy8n6mSwc_6894-7009,iWYy8n6mSwc,UC0580lt7nrzOCuiQT-MEVUA,train
GNVTuLHdeSo_4001-4572,GNVTuLHdeSo,UCL8EwWTMmOUDXoMv0yUf8Vg,train
4yWavYq9_Ks_405-451,4yWavYq9_Ks,UCbQkjf9DtYuiPdpPs5QJB7A,train
iTzr7agImr8_13511-13973,iTzr7agImr8,UCf9AjM4pnPIawowvvGyvKdw,train
iDg2hR1FPgA_25990-26228,iDg2hR1FPgA,UCMq2jlUH773DkHu4Lpo2JUQ,train
lEeraAOgcKc_693-782,lEeraAOgcKc,UCfN4zYzDdBQAA_oQh93YfCg,train
4yWavYq9_Ks_4439-4738,4yWavYq9_Ks,UCbQkjf9DtYuiPdpPs5QJB7A,train
iWYy8n6mSwc_14660-15000,iWYy8n6mSwc,UC0580lt7nrzOCuiQT-MEVUA,train
4yWavYq9_Ks_3966-4109,4yWavYq9_Ks,UCbQkjf9DtYuiPdpPs5QJB7A,train
Cmw2H5C_Ves_2792-2813,Cmw2H5C_Ves,UCtKSLA4sBvp4gU-NIGFEQgg,train
EuYseDl2jm8_1869-2033,EuYseDl2jm8,UCEWl7wBlZzHpr-TSOXEHbUg,train
X7qv5w1clGw_525-881,X7qv5w1clGw,UCPdNVAdC1Ac0vHVEWpR2P7w,train
ZAxOyANz3J0_656-819,ZAxOyANz3J0,UCH8X-HBqfvxpHQPzUdEO6EA,train
iWYy8n6mSwc_10318-10481,iWYy8n6mSwc,UC0580lt7nrzOCuiQT-MEVUA,train
BL9cNtpb_QI_337-383,BL9cNtpb_QI,UCbQkjf9DtYuiPdpPs5QJB7A,train
1Aea8BH-PCs_1256-1506,1Aea8BH-PCs,UCH8X-HBqfvxpHQPzUdEO6EA,train
BL9cNtpb_QI_18-157,BL9cNtpb_QI,UCbQkjf9DtYuiPdpPs5QJB7A,train
IzIGXVPWaFQ_285-832,IzIGXVPWaFQ,UCK3uhZWJh8SocdtJVIwt9Fg,train
8db0Gcv3V10_1750-2094,8db0Gcv3V10,UC0580lt7nrzOCuiQT-MEVUA,train
2b1zXYv7Fn8_230-1773,2b1zXYv7Fn8,UCRcBW8njgEz7-NzrWod8ZYw,train
RzI6Ar5mu2Q_1950-2240,RzI6Ar5mu2Q,UCL8EwWTMmOUDXoMv0yUf8Vg,train
88pZ5kmV96I_1200-1419,88pZ5kmV96I,UC2gRePoph6lWNe_pAlSgERQ,train
oRtGfXWrf6Y_1285-1369,oRtGfXWrf6Y,UCtKSLA4sBvp4gU-NIGFEQgg,train
iDg2hR1FPgA_913-1696,iDg2hR1FPgA,UCMq2jlUH773DkHu4Lpo2JUQ,train
Dai13S2XbsI_4399-4602,Dai13S2XbsI,UCPdNVAdC1Ac0vHVEWpR2P7w,train
iWYy8n6mSwc_6250-6508,iWYy8n6mSwc,UC0580lt7nrzOCuiQT-MEVUA,train
Lz0Oh2cxoTU_2729-2900,Lz0Oh2cxoTU,UCMq2jlUH773DkHu4Lpo2JUQ,train
F1Q8R2XJ5cs_3600-3738,F1Q8R2XJ5cs,UCbQkjf9DtYuiPdpPs5QJB7A,train
Dai13S2XbsI_4200-4356,Dai13S2XbsI,UCPdNVAdC1Ac0vHVEWpR2P7w,train
Kaf6jiHMmYc_11126-11268,Kaf6jiHMmYc,UCZafDtpShhUyMqeBKm2SXsg,val
Kaf6jiHMmYc_15026-15271,Kaf6jiHMmYc,UCZafDtpShhUyMqeBKm2SXsg,val
Kaf6jiHMmYc_6757-6910,Kaf6jiHMmYc,UCZafDtpShhUyMqeBKm2SXsg,val
bI1GohGXSt0_2073-2675,bI1GohGXSt0,UCZafDtpShhUyMqeBKm2SXsg,val
bI1GohGXSt0_30456-31432,bI1GohGXSt0,UCZafDtpShhUyMqeBKm2SXsg,val
bI1GohGXSt0_40031-40552,bI1GohGXSt0,UCZafDtpShhUyMqeBKm2SXsg,val
bI1GohGXSt0_4992-5101,bI1GohGXSt0,UCZafDtpShhUyMqeBKm2SXsg,val
qSygRnE4D54_1645-1839,qSygRnE4D54,UCCQ9LYhlSvhZjqBn0kVNAPw,val
qSygRnE4D54_1945-1981,qSygRnE4D54,UCCQ9LYhlSvhZjqBn0kVNAPw,val
qSygRnE4D54_4151-4307,qSygRnE4D54,UCCQ9LYhlSvhZjqBn0kVNAPw,val
rLRfPneawQs_2054-2806,rLRfPneawQs,UCCQ9LYhlSvhZjqBn0kVNAPw,val
rLRfPneawQs_3123-3495,rLRfPneawQs,UCCQ9LYhlSvhZjqBn0kVNAPw,val
TVe0JN9Ij6o_10-287,TVe0JN9Ij6o,UC-QQn64-0MRaZCHKNw_cjjw,val
TVe0JN9Ij6o_10022-10669,TVe0JN9Ij6o,UC-QQn64-0MRaZCHKNw_cjjw,val
TVe0JN9Ij6o_14750-15000,TVe0JN9Ij6o,UC-QQn64-0MRaZCHKNw_cjjw,val
TVe0JN9Ij6o_17029-17489,TVe0JN9Ij6o,UC-QQn64-0MRaZCHKNw_cjjw,val
TVe0JN9Ij6o_463-2035,TVe0JN9Ij6o,UC-QQn64-0MRaZCHKNw_cjjw,val
Z9tJBluH1Zw_11118-11642,Z9tJBluH1Zw,UC-QQn64-0MRaZCHKNw_cjjw,val
Z9tJBluH1Zw_21634-21754,Z9tJBluH1Zw,UC-QQn64-0MRaZCHKNw_cjjw,val
Z9tJBluH1Zw_2561-2755,Z9tJBluH1Zw,UC-QQn64-0MRaZCHKNw_cjjw,val
Z9tJBluH1Zw_27193-27774,Z9tJBluH1Zw,UC-QQn64-0MRaZCHKNw_cjjw,val
Z9tJBluH1Zw_28790-29055,Z9tJBluH1Zw,UC-QQn64-0MRaZCHKNw_cjjw,val
Z9tJBluH1Zw_35962-36597,Z9tJBluH1Zw,UC-QQn64-0MRaZCHKNw_cjjw,val
Z9tJBluH1Zw_47076-47146,Z9tJBluH1Zw,UC-QQn64-0MRaZCHKNw_cjjw,val
Z9tJBluH1Zw_47375-47454,Z9tJBluH1Zw,UC-QQn64-0MRaZCHKNw_cjjw,val
Z9tJBluH1Zw_57969-58294,Z9tJBluH1Zw,UC-QQn64-0MRaZCHKNw_cjjw,val
ND7pXuhs3VM_1800-1925,ND7pXuhs3VM,UCYYUNvhURfuC7zFli3TyPig,test
ND7pXuhs3VM_3066-3159,ND7pXuhs3VM,UCYYUNvhURfuC7zFli3TyPig,test
1Ab4vLMMAbY_2354-2439,1Ab4vLMMAbY,UCXe3gqCj-uoC-zmAa7If_VQ,test
1Ab4vLMMAbY_412-554,1Ab4vLMMAbY,UCXe3gqCj-uoC-zmAa7If_VQ,test
1Ab4vLMMAbY_557-690,1Ab4vLMMAbY,UCXe3gqCj-uoC-zmAa7If_VQ,test
UUwGLDeYN8c_266-474,UUwGLDeYN8c,UCXe3gqCj-uoC-zmAa7If_VQ,test
fvJbRuIu4-0_1308-1370,fvJbRuIu4-0,UCsPsIG_jQAlGW0MfPmY-WGw,test
fvJbRuIu4-0_1907-2018,fvJbRuIu4-0,UCsPsIG_jQAlGW0MfPmY-WGw,test
ivX3JXIV1W4_1-1920,ivX3JXIV1W4,UCsPsIG_jQAlGW0MfPmY-WGw,test
zmZpa1p5zaE_1028-1129,zmZpa1p5zaE,UCsPsIG_jQAlGW0MfPmY-WGw,test
N_9vfhsDz8w_5785-5911,N_9vfhsDz8w,UCuQFciSjwHz-KmKbINyPpOw,test
N_9vfhsDz8w_6085-6298,N_9vfhsDz8w,UCuQFciSjwHz-KmKbINyPpOw,test
31lG75MDwSA_2857-2928,31lG75MDwSA,UCH2C2GXT11f8Zs7NK9Utl6A,test
31lG75MDwSA_3180-3306,31lG75MDwSA,UCH2C2GXT11f8Zs7NK9Utl6A,test
31lG75MDwSA_4686-4764,31lG75MDwSA,UCH2C2GXT11f8Zs7NK9Utl6A,test
WpbXt04qWEk_1166-1611,WpbXt04qWEk,UCH2C2GXT11f8Zs7NK9Utl6A,test
WpbXt04qWEk_924-1135,WpbXt04qWEk,UCH2C2GXT11f8Zs7NK9Utl6A,test
9DNwRwt5kI4_10666-10822,9DNwRwt5kI4,UCEjCyBoWP57QRkmFRz-aOGw,test
9DNwRwt5kI4_14988-15270,9DNwRwt5kI4,UCEjCyBoWP57QRkmFRz-aOGw,test
9DNwRwt5kI4_2442-3179,9DNwRwt5kI4,UCEjCyBoWP57QRkmFRz-aOGw,test
LS9Hztyrmmw_1768-1839,LS9Hztyrmmw,UCEjCyBoWP57QRkmFRz-aOGw,test
LS9Hztyrmmw_2667-2845,LS9Hztyrmmw,UCEjCyBoWP57QRkmFRz-aOGw,test
Lva4fn4_q88_1270-1473,Lva4fn4_q88,UCEjCyBoWP57QRkmFRz-aOGw,test
Lva4fn4_q88_4391-4523,Lva4fn4_q88,UCEjCyBoWP57QRkmFRz-aOGw,test
Lva4fn4_q88_4691-4775,Lva4fn4_q88,UCEjCyBoWP57QRkmFRz-aOGw,test
Lva4fn4_q88_5291-5420,Lva4fn4_q88,UCEjCyBoWP57QRkmFRz-aOGw,test
NIk1-ck4c6Q_13651-13719,NIk1-ck4c6Q,UCEjCyBoWP57QRkmFRz-aOGw,test
NIk1-ck4c6Q_22766-22806,NIk1-ck4c6Q,UCEjCyBoWP57QRkmFRz-aOGw,test
Pyb0z_YQjjI_7332-7429,Pyb0z_YQjjI,UCEjCyBoWP57QRkmFRz-aOGw,test
Pyb0z_YQjjI_7632-7685,Pyb0z_YQjjI,UCEjCyBoWP57QRkmFRz-aOGw,test
LHT2zVYvObg_1790-1917,LHT2zVYvObg,UCUyE-L2iWWV_tMoT20KF6xQ,test
LHT2zVYvObg_1921-2099,LHT2zVYvObg,UCUyE-L2iWWV_tMoT20KF6xQ,test
dUYIh1U2z-8_3300-3427,dUYIh1U2z-8,UCUyE-L2iWWV_tMoT20KF6xQ,test
dUYIh1U2z-8_4007-4220,dUYIh1U2z-8,UCUyE-L2iWWV_tMoT20KF6xQ,test
f6wqlpG9rd0_1402-1688,f6wqlpG9rd0,UCcdj0no4KBJMfPVq0QohFRw,test
f6wqlpG9rd0_203-262,f6wqlpG9rd0,UCcdj0no4KBJMfPVq0QohFRw,test
f6wqlpG9rd0_9404-9541,f6wqlpG9rd0,UCcdj0no4KBJMfPVq0QohFRw,test
f6wqlpG9rd0_9704-9949,f6wqlpG9rd0,UCcdj0no4KBJMfPVq0QohFRw,test
6mA6UAoT3M0_6165-6361,6mA6UAoT3M0,UCB3eI3ENiFXGuchginHZP_Q,test
aWV7UUMddCU_5934-6205,aWV7UUMddCU,UCUunHJtnux8FZ7HIV3S0e4g,test
aWV7UUMddCU_6517-7514,aWV7UUMddCU,UCUunHJtnux8FZ7HIV3S0e4g,test
whHPATlDw8M_33039-33248-downsampled,whHPATlDw8M,UCUunHJtnux8FZ7HIV3S0e4g,test
whHPATlDw8M_5014-5313-downsampled,whHPATlDw8M,UCUunHJtnux8FZ7HIV3S0e4g,test
odFKscFdEas_14127-14292,odFKscFdEas,UCuQFciSjwHz-KmKbINyPpOw,test
odFKscFdEas_15822-16030,odFKscFdEas,UCuQFciSjwHz-KmKbINyPpOw,test
